what,kind,bundleId,bundleVersion,description,time
started,bundle,org.eclipse.wst.validation,1.2.204.v201109220700,"org.eclipse.wst.validation",1465743246800
started,bundle,org.eclipse.jst.j2ee,1.1.406.v201110130300,"org.eclipse.jst.j2ee",1465743247063
started,bundle,org.eclipse.jst.jee.ui,1.0.304.v201101272100,"org.eclipse.jst.jee.ui",1465743247063
started,bundle,org.eclipse.jst.j2ee.ui,1.1.404.v201101122300,"org.eclipse.jst.j2ee.ui",1465743247197
started,bundle,org.eclipse.jst.j2ee.navigator.ui,1.1.403.v201012020600,"org.eclipse.jst.j2ee.navigator.ui",1465743247201
activated,workbench,org.eclipse.ui.workbench,3.6.2.M20110210-1200,"",1465743251464
started,bundle,org.eclipse.pde.launching,3.6.0.v20100601,"org.eclipse.pde.launching",1465743252273
started,bundle,org.eclipse.ui.views.log,1.0.100.v20110210_r362,"org.eclipse.ui.views.log",1465743252289
started,bundle,org.eclipse.pde.ui,3.6.1.v20110210_r362,"org.eclipse.pde.ui",1465743252304
opened,view,org.eclipse.jdt.ui,3.6.2.r362_v20110203,"org.eclipse.jdt.ui.PackageExplorer",1465743252362
opened,view,org.eclipse.ui.ide,3.6.2.M20101201-0800,"org.eclipse.ui.views.ProblemView",1465743252425
started,bundle,org.eclipse.search,3.6.0.v20100520-0800,"org.eclipse.search",1465743252794
opened,view,org.eclipse.mylyn.tasks.ui,3.4.3.v20110131-0100-e3x,"org.eclipse.mylyn.tasks.ui.views.tasks",1465743253095
activated,perspective,org.eclipse.jdt.ui,3.6.2.r362_v20110203,"org.eclipse.jdt.ui.JavaPerspective",1465743253145
activated,view,org.eclipse.ui.views,3.5.1.M20110202-0800,"org.eclipse.ui.views.ContentOutline",1465743253248
executed,command,org.eclipse.ui,3.6.2.M20110203-1100,"org.eclipse.ui.newWizard",1465743253395
activated,view,org.eclipse.jdt.ui,3.6.2.r362_v20110203,"org.eclipse.jdt.ui.PackageExplorer",1465743256588
started,bundle,org.eclipse.ltk.core.refactoring,3.5.101.r362_v20101117-0800,"org.eclipse.ltk.core.refactoring",1465743258354
started,bundle,org.eclipse.ltk.ui.refactoring,3.5.0.v20100526-0800,"org.eclipse.ltk.ui.refactoring",1465743258354
started,bundle,org.eclipse.compare.core,3.5.101.R36x_v20100929-0800,"org.eclipse.compare.core",1465743259473
started,bundle,org.eclipse.compare,3.5.101.R36x_v20100929-0800,"org.eclipse.compare",1465743259473
deactivated,workbench,org.eclipse.ui.workbench,3.6.2.M20110210-1200,"",1465743263614
started,bundle,org.eclipse.mylyn.ide.ui,3.4.0.v20100608-0100-e3x,"org.eclipse.mylyn.ide.ui",1465743271540
activated,workbench,org.eclipse.ui.workbench,3.6.2.M20110210-1200,"",1465743272698
opened,editor,org.eclipse.jdt.ui,3.6.2.r362_v20110203,"org.eclipse.jdt.ui.CompilationUnitEditor",1465743274666
activated,editor,org.eclipse.jdt.ui,3.6.2.r362_v20110203,"org.eclipse.jdt.ui.CompilationUnitEditor",1465743274798
started,bundle,org.eclipse.core.variables,3.2.400.v20100505,"org.eclipse.core.variables",1465743275114
started,bundle,org.eclipse.jdt.junit,3.6.1.r361_v20100825-0800,"org.eclipse.jdt.junit",1465743287583
started,bundle,org.eclipse.jst.ws.jaxws.ui,1.0.1.v201008232129,"org.eclipse.jst.ws.jaxws.ui",1465743328802
started,bundle,org.eclipse.mylyn.java.ui,3.4.0.v20100608-0100-e3x,"org.eclipse.mylyn.java.ui",1465743328833
started,bundle,org.eclipse.pde.api.tools,1.0.202.v20100820_r361,"org.eclipse.pde.api.tools",1465743328902
started,bundle,org.eclipse.pde.api.tools.ui,1.0.201.v20100820_r361,"org.eclipse.pde.api.tools.ui",1465743328918
executed,command,org.eclipse.ui,3.6.2.M20110203-1100,"org.eclipse.ui.edit.text.contentAssist.proposals",1465743329149
executed,command,org.eclipse.ui,3.6.2.M20110203-1100,"org.eclipse.ui.edit.text.contentAssist.proposals",1465743366053
executed,command,org.eclipse.ui,3.6.2.M20110203-1100,"org.eclipse.ui.edit.delete",1465743371452
executed,command,org.eclipse.ui,3.6.2.M20110203-1100,"org.eclipse.ui.edit.delete",1465743371653
executed,command,org.eclipse.ui,3.6.2.M20110203-1100,"org.eclipse.ui.edit.text.contentAssist.proposals",1465743401433
executed,command,org.eclipse.ui,3.6.2.M20110203-1100,"org.eclipse.ui.file.save",1465743415852
executed,command,,,"AUTOGEN:::org.eclipse.jdt.internal.ui.CompilationUnitEditor.ruler.actions/org.eclipse.jdt.internal.ui.javaeditor.JavaSelectRulerAction",1465743425580
started,bundle,org.eclipse.debug.ui,3.6.3.v20101201_r362,"org.eclipse.debug.ui",1465743426849
started,bundle,org.eclipse.jdt.debug,3.6.1.v20100715_r361,"org.eclipse.jdt.debug",1465743426993
started,bundle,org.eclipse.jdt.debug.ui,3.5.2.v20100928a_r362,"org.eclipse.jdt.debug.ui",1465743427103
executed,command,,,"AUTOGEN:::org.eclipse.jdt.debug.CompilationUnitEditor.BreakpointRulerActions/org.eclipse.jdt.debug.ui.actions.ManageBreakpointRulerAction",1465743427166
deactivated,workbench,org.eclipse.ui.workbench,3.6.2.M20110210-1200,"",1465743460267
activated,workbench,org.eclipse.ui.workbench,3.6.2.M20110210-1200,"",1465743462668
executed,command,org.eclipse.debug.ui,3.6.3.v20101201_r362,"org.eclipse.debug.ui.commands.RemoveAllBreakpoints",1465743462668
executed,command,,,"AUTOGEN:::org.eclipse.jdt.debug.CompilationUnitEditor.BreakpointRulerActions/org.eclipse.jdt.debug.ui.actions.ManageBreakpointRulerAction",1465743471167
started,bundle,org.eclipse.wst.server.core,1.1.208.v20111005_1734,"org.eclipse.wst.server.core",1465743486214
started,bundle,org.eclipse.wst.server.ui,1.1.209.v20111005_1716,"org.eclipse.wst.server.ui",1465743486250
executed,command,org.eclipse.jdt.debug.ui,3.5.2.v20100928a_r362,"org.eclipse.jdt.debug.ui.localJavaShortcut.debug",1465743496159
started,bundle,org.eclipse.m2e.launching,1.3.1.20130219-1424,"org.eclipse.m2e.launching",1465743496359
deactivated,workbench,org.eclipse.ui.workbench,3.6.2.M20110210-1200,"",1465743496876
activated,workbench,org.eclipse.ui.workbench,3.6.2.M20110210-1200,"",1465743499351
opened,view,org.eclipse.ui.console,3.5.0.v20100526,"org.eclipse.ui.console.ConsoleView",1465743499468
opened,view,org.eclipse.debug.ui,3.6.3.v20101201_r362,"org.eclipse.debug.ui.DebugView",1465743500032
opened,view,org.eclipse.debug.ui,3.6.3.v20101201_r362,"org.eclipse.debug.ui.VariableView",1465743500212
activated,perspective,org.eclipse.debug.ui,3.6.3.v20101201_r362,"org.eclipse.debug.ui.DebugPerspective",1465743500259
opened,view,org.eclipse.debug.ui,3.6.3.v20101201_r362,"org.eclipse.debug.ui.BreakpointView",1465743501127
activated,view,org.eclipse.debug.ui,3.6.3.v20101201_r362,"org.eclipse.debug.ui.DebugView",1465743545751
executed,command,org.eclipse.debug.ui,3.6.3.v20101201_r362,"org.eclipse.debug.ui.commands.StepInto",1465743545805
executed,command,org.eclipse.debug.ui,3.6.3.v20101201_r362,"org.eclipse.debug.ui.commands.StepInto",1465743552483
executed,command,org.eclipse.debug.ui,3.6.3.v20101201_r362,"org.eclipse.debug.ui.commands.StepInto",1465743556564
executed,command,org.eclipse.debug.ui,3.6.3.v20101201_r362,"org.eclipse.debug.ui.commands.StepInto",1465743559149
activated,editor,org.eclipse.jdt.ui,3.6.2.r362_v20110203,"org.eclipse.jdt.ui.CompilationUnitEditor",1465743576602
executed,command,org.eclipse.ui,3.6.2.M20110203-1100,"org.eclipse.ui.file.save",1465743581864
deactivated,workbench,org.eclipse.ui.workbench,3.6.2.M20110210-1200,"",1465743582148
activated,workbench,org.eclipse.ui.workbench,3.6.2.M20110210-1200,"",1465743584804
activated,view,org.eclipse.debug.ui,3.6.3.v20101201_r362,"org.eclipse.debug.ui.DebugView",1465743589299
executed,command,org.eclipse.debug.ui,3.6.3.v20101201_r362,"org.eclipse.debug.ui.commands.StepInto",1465743589398
opened,editor,org.eclipse.debug.ui,3.6.3.v20101201_r362,"org.eclipse.debug.ui.sourcelookup.CommonSourceNotFoundEditor",1465743589498
executed,command,org.eclipse.debug.ui,3.6.3.v20101201_r362,"org.eclipse.debug.ui.commands.StepInto",1465743591784
closed,editor,org.eclipse.debug.ui,3.6.3.v20101201_r362,"org.eclipse.debug.ui.sourcelookup.CommonSourceNotFoundEditor",1465743591924
activated,perspective,org.eclipse.jdt.ui,3.6.2.r362_v20110203,"org.eclipse.jdt.ui.JavaPerspective",1465743598052
activated,editor,org.eclipse.jdt.ui,3.6.2.r362_v20110203,"org.eclipse.jdt.ui.CompilationUnitEditor",1465743598083
deactivated,workbench,org.eclipse.ui.workbench,3.6.2.M20110210-1200,"",1465743609230
activated,workbench,org.eclipse.ui.workbench,3.6.2.M20110210-1200,"",1465743610569
executed,command,org.eclipse.debug.ui,3.6.3.v20101201_r362,"org.eclipse.debug.ui.commands.RemoveAllBreakpoints",1465743610585
executed,command,org.eclipse.debug.ui,3.6.3.v20101201_r362,"org.eclipse.debug.ui.commands.ToggleBreakpoint",1465743624911
deactivated,workbench,org.eclipse.ui.workbench,3.6.2.M20110210-1200,"",1465743632151
activated,workbench,org.eclipse.ui.workbench,3.6.2.M20110210-1200,"",1465743633761
executed,command,org.eclipse.debug.ui,3.6.3.v20101201_r362,"org.eclipse.debug.ui.commands.RemoveAllBreakpoints",1465743633776
executed,command,,,"AUTOGEN:::org.eclipse.jdt.debug.CompilationUnitEditor.BreakpointRulerActions/org.eclipse.jdt.debug.ui.actions.ManageBreakpointRulerAction",1465743636670
deactivated,workbench,org.eclipse.ui.workbench,3.6.2.M20110210-1200,"",1465743673281
activated,workbench,org.eclipse.ui.workbench,3.6.2.M20110210-1200,"",1465743673281
executed,command,org.eclipse.jdt.debug.ui,3.5.2.v20100928a_r362,"org.eclipse.jdt.debug.ui.localJavaShortcut.debug",1465743680504
deactivated,workbench,org.eclipse.ui.workbench,3.6.2.M20110210-1200,"",1465743680688
activated,workbench,org.eclipse.ui.workbench,3.6.2.M20110210-1200,"",1465743682567
activated,perspective,org.eclipse.debug.ui,3.6.3.v20101201_r362,"org.eclipse.debug.ui.DebugPerspective",1465743682629
activated,view,org.eclipse.debug.ui,3.6.3.v20101201_r362,"org.eclipse.debug.ui.DebugView",1465743687609
executed,command,org.eclipse.debug.ui,3.6.3.v20101201_r362,"org.eclipse.debug.ui.commands.StepInto",1465743687724
executed,command,org.eclipse.debug.ui,3.6.3.v20101201_r362,"org.eclipse.debug.ui.commands.StepInto",1465743690417
executed,command,org.eclipse.debug.ui,3.6.3.v20101201_r362,"org.eclipse.debug.ui.commands.StepInto",1465743692683
executed,command,org.eclipse.debug.ui,3.6.3.v20101201_r362,"org.eclipse.debug.ui.commands.StepInto",1465743698148
executed,command,org.eclipse.debug.ui,3.6.3.v20101201_r362,"org.eclipse.debug.ui.commands.StepOver",1465743726288
opened,editor,org.eclipse.debug.ui,3.6.3.v20101201_r362,"org.eclipse.debug.ui.sourcelookup.CommonSourceNotFoundEditor",1465743726357
executed,command,org.eclipse.debug.ui,3.6.3.v20101201_r362,"org.eclipse.debug.ui.commands.StepOver",1465743728809
activated,perspective,org.eclipse.jdt.ui,3.6.2.r362_v20110203,"org.eclipse.jdt.ui.JavaPerspective",1465743731567
activated,editor,org.eclipse.debug.ui,3.6.3.v20101201_r362,"org.eclipse.debug.ui.sourcelookup.CommonSourceNotFoundEditor",1465743731583
activated,editor,org.eclipse.jdt.ui,3.6.2.r362_v20110203,"org.eclipse.jdt.ui.CompilationUnitEditor",1465743737264
closed,editor,org.eclipse.debug.ui,3.6.3.v20101201_r362,"org.eclipse.debug.ui.sourcelookup.CommonSourceNotFoundEditor",1465743737264
executed,command,org.eclipse.jdt.debug.ui,3.5.2.v20100928a_r362,"org.eclipse.jdt.debug.ui.localJavaShortcut.debug",1465743773349
deactivated,workbench,org.eclipse.ui.workbench,3.6.2.M20110210-1200,"",1465743773633
activated,workbench,org.eclipse.ui.workbench,3.6.2.M20110210-1200,"",1465743775218
activated,perspective,org.eclipse.debug.ui,3.6.3.v20101201_r362,"org.eclipse.debug.ui.DebugPerspective",1465743775265
activated,view,org.eclipse.debug.ui,3.6.3.v20101201_r362,"org.eclipse.debug.ui.DebugView",1465743779128
executed,command,org.eclipse.debug.ui,3.6.3.v20101201_r362,"org.eclipse.debug.ui.commands.StepOver",1465743779250
opened,editor,org.eclipse.debug.ui,3.6.3.v20101201_r362,"org.eclipse.debug.ui.sourcelookup.CommonSourceNotFoundEditor",1465743779265
activated,editor,org.eclipse.jdt.ui,3.6.2.r362_v20110203,"org.eclipse.jdt.ui.CompilationUnitEditor",1465743784253
activated,view,org.eclipse.debug.ui,3.6.3.v20101201_r362,"org.eclipse.debug.ui.DebugView",1465743786084
executed,command,org.eclipse.debug.ui,3.6.3.v20101201_r362,"org.eclipse.debug.ui.commands.StepOver",1465743786207
executed,command,org.eclipse.debug.ui,3.6.3.v20101201_r362,"org.eclipse.debug.ui.commands.Terminate",1465743789314
closed,editor,org.eclipse.debug.ui,3.6.3.v20101201_r362,"org.eclipse.debug.ui.sourcelookup.CommonSourceNotFoundEditor",1465743789383
activated,perspective,org.eclipse.jdt.ui,3.6.2.r362_v20110203,"org.eclipse.jdt.ui.JavaPerspective",1465743791787
activated,editor,org.eclipse.jdt.ui,3.6.2.r362_v20110203,"org.eclipse.jdt.ui.CompilationUnitEditor",1465743791818
deactivated,workbench,org.eclipse.ui.workbench,3.6.2.M20110210-1200,"",1465743797664
activated,workbench,org.eclipse.ui.workbench,3.6.2.M20110210-1200,"",1465743799482
executed,command,org.eclipse.debug.ui,3.6.3.v20101201_r362,"org.eclipse.debug.ui.commands.RemoveAllBreakpoints",1465743799497
executed,command,,,"AUTOGEN:::org.eclipse.jdt.debug.CompilationUnitEditor.BreakpointRulerActions/org.eclipse.jdt.debug.ui.actions.ManageBreakpointRulerAction",1465743804598
executed,command,org.eclipse.jdt.debug.ui,3.5.2.v20100928a_r362,"org.eclipse.jdt.debug.ui.localJavaShortcut.debug",1465743812678
deactivated,workbench,org.eclipse.ui.workbench,3.6.2.M20110210-1200,"",1465743812966
activated,workbench,org.eclipse.ui.workbench,3.6.2.M20110210-1200,"",1465743814398
activated,perspective,org.eclipse.debug.ui,3.6.3.v20101201_r362,"org.eclipse.debug.ui.DebugPerspective",1465743814467
activated,view,org.eclipse.debug.ui,3.6.3.v20101201_r362,"org.eclipse.debug.ui.DebugView",1465743818006
executed,command,org.eclipse.debug.ui,3.6.3.v20101201_r362,"org.eclipse.debug.ui.commands.StepOver",1465743818110
executed,command,org.eclipse.debug.ui,3.6.3.v20101201_r362,"org.eclipse.debug.ui.commands.StepOver",1465743819311
executed,command,org.eclipse.debug.ui,3.6.3.v20101201_r362,"org.eclipse.debug.ui.commands.StepOver",1465743820851
executed,command,org.eclipse.debug.ui,3.6.3.v20101201_r362,"org.eclipse.debug.ui.commands.StepOver",1465743821850
executed,command,org.eclipse.debug.ui,3.6.3.v20101201_r362,"org.eclipse.debug.ui.commands.StepOver",1465743823144
opened,editor,org.eclipse.debug.ui,3.6.3.v20101201_r362,"org.eclipse.debug.ui.sourcelookup.CommonSourceNotFoundEditor",1465743823213
executed,command,org.eclipse.debug.ui,3.6.3.v20101201_r362,"org.eclipse.debug.ui.commands.StepInto",1465743833867
closed,editor,org.eclipse.debug.ui,3.6.3.v20101201_r362,"org.eclipse.debug.ui.sourcelookup.CommonSourceNotFoundEditor",1465743833967
activated,perspective,org.eclipse.jdt.ui,3.6.2.r362_v20110203,"org.eclipse.jdt.ui.JavaPerspective",1465743855717
activated,editor,org.eclipse.jdt.ui,3.6.2.r362_v20110203,"org.eclipse.jdt.ui.CompilationUnitEditor",1465743855748
deactivated,workbench,org.eclipse.ui.workbench,3.6.2.M20110210-1200,"",1465743860771
activated,workbench,org.eclipse.ui.workbench,3.6.2.M20110210-1200,"",1465743862206
executed,command,org.eclipse.debug.ui,3.6.3.v20101201_r362,"org.eclipse.debug.ui.commands.RemoveAllBreakpoints",1465743862206
executed,command,org.eclipse.ui,3.6.2.M20110203-1100,"org.eclipse.ui.edit.text.contentAssist.proposals",1465744011352
executed,command,org.eclipse.jdt.debug.ui,3.5.2.v20100928a_r362,"org.eclipse.jdt.debug.ui.localJavaShortcut.run",1465744031068
deactivated,workbench,org.eclipse.ui.workbench,3.6.2.M20110210-1200,"",1465744031131
activated,workbench,org.eclipse.ui.workbench,3.6.2.M20110210-1200,"",1465744032673
deactivated,workbench,org.eclipse.ui.workbench,3.6.2.M20110210-1200,"",1465744032836
activated,workbench,org.eclipse.ui.workbench,3.6.2.M20110210-1200,"",1465744034233
executed,command,,,"AUTOGEN:::org.eclipse.jdt.debug.CompilationUnitEditor.BreakpointRulerActions/org.eclipse.jdt.debug.ui.actions.ManageBreakpointRulerAction",1465744053730
executed,command,,,"AUTOGEN:::org.eclipse.jdt.internal.ui.CompilationUnitEditor.ruler.actions/org.eclipse.jdt.internal.ui.javaeditor.JavaSelectRulerAction",1465744055005
executed,command,org.eclipse.jdt.debug.ui,3.5.2.v20100928a_r362,"org.eclipse.jdt.debug.ui.localJavaShortcut.debug",1465744062617
deactivated,workbench,org.eclipse.ui.workbench,3.6.2.M20110210-1200,"",1465744062801
activated,workbench,org.eclipse.ui.workbench,3.6.2.M20110210-1200,"",1465744065304
activated,perspective,org.eclipse.debug.ui,3.6.3.v20101201_r362,"org.eclipse.debug.ui.DebugPerspective",1465744065340
activated,view,org.eclipse.debug.ui,3.6.3.v20101201_r362,"org.eclipse.debug.ui.DebugView",1465744084199
executed,command,org.eclipse.debug.ui,3.6.3.v20101201_r362,"org.eclipse.debug.ui.commands.StepInto",1465744084314
executed,command,org.eclipse.debug.ui,3.6.3.v20101201_r362,"org.eclipse.debug.ui.commands.StepInto",1465744090033
executed,command,org.eclipse.debug.ui,3.6.3.v20101201_r362,"org.eclipse.debug.ui.commands.StepInto",1465744094840
executed,command,org.eclipse.debug.ui,3.6.3.v20101201_r362,"org.eclipse.debug.ui.commands.StepInto",1465744101919
executed,command,org.eclipse.debug.ui,3.6.3.v20101201_r362,"org.eclipse.debug.ui.commands.StepInto",1465744107280
executed,command,org.eclipse.debug.ui,3.6.3.v20101201_r362,"org.eclipse.debug.ui.commands.StepInto",1465744119224
executed,command,org.eclipse.debug.ui,3.6.3.v20101201_r362,"org.eclipse.debug.ui.commands.StepInto",1465744120720
activated,perspective,org.eclipse.jdt.ui,3.6.2.r362_v20110203,"org.eclipse.jdt.ui.JavaPerspective",1465744153068
activated,editor,org.eclipse.jdt.ui,3.6.2.r362_v20110203,"org.eclipse.jdt.ui.CompilationUnitEditor",1465744153100
deactivated,workbench,org.eclipse.ui.workbench,3.6.2.M20110210-1200,"",1465744158858
activated,workbench,org.eclipse.ui.workbench,3.6.2.M20110210-1200,"",1465744160717
executed,command,org.eclipse.debug.ui,3.6.3.v20101201_r362,"org.eclipse.debug.ui.commands.RemoveAllBreakpoints",1465744160717
executed,command,,,"AUTOGEN:::org.eclipse.jdt.debug.CompilationUnitEditor.BreakpointRulerActions/org.eclipse.jdt.debug.ui.actions.ManageBreakpointRulerAction",1465744164033
executed,command,org.eclipse.jdt.debug.ui,3.5.2.v20100928a_r362,"org.eclipse.jdt.debug.ui.localJavaShortcut.debug",1465744171198
deactivated,workbench,org.eclipse.ui.workbench,3.6.2.M20110210-1200,"",1465744171499
activated,workbench,org.eclipse.ui.workbench,3.6.2.M20110210-1200,"",1465744174918
activated,perspective,org.eclipse.debug.ui,3.6.3.v20101201_r362,"org.eclipse.debug.ui.DebugPerspective",1465744174969
activated,view,org.eclipse.debug.ui,3.6.3.v20101201_r362,"org.eclipse.debug.ui.DebugView",1465744186702
executed,command,org.eclipse.debug.ui,3.6.3.v20101201_r362,"org.eclipse.debug.ui.commands.StepInto",1465744186817
executed,command,org.eclipse.debug.ui,3.6.3.v20101201_r362,"org.eclipse.debug.ui.commands.StepInto",1465744190117
executed,command,org.eclipse.debug.ui,3.6.3.v20101201_r362,"org.eclipse.debug.ui.commands.Terminate",1465744196708
activated,perspective,org.eclipse.jdt.ui,3.6.2.r362_v20110203,"org.eclipse.jdt.ui.JavaPerspective",1465744200448
activated,editor,org.eclipse.jdt.ui,3.6.2.r362_v20110203,"org.eclipse.jdt.ui.CompilationUnitEditor",1465744200452
executed,command,org.eclipse.ui,3.6.2.M20110203-1100,"org.eclipse.ui.edit.delete",1465744207840
deactivated,workbench,org.eclipse.ui.workbench,3.6.2.M20110210-1200,"",1465744213617
activated,workbench,org.eclipse.ui.workbench,3.6.2.M20110210-1200,"",1465744216348
executed,command,org.eclipse.debug.ui,3.6.3.v20101201_r362,"org.eclipse.debug.ui.commands.RemoveAllBreakpoints",1465744216364
executed,command,,,"AUTOGEN:::org.eclipse.jdt.debug.CompilationUnitEditor.BreakpointRulerActions/org.eclipse.jdt.debug.ui.actions.ManageBreakpointRulerAction",1465744218891
executed,command,org.eclipse.jdt.debug.ui,3.5.2.v20100928a_r362,"org.eclipse.jdt.debug.ui.localJavaShortcut.debug",1465744226202
deactivated,workbench,org.eclipse.ui.workbench,3.6.2.M20110210-1200,"",1465744226217
activated,workbench,org.eclipse.ui.workbench,3.6.2.M20110210-1200,"",1465744228373
deactivated,workbench,org.eclipse.ui.workbench,3.6.2.M20110210-1200,"",1465744228511
activated,workbench,org.eclipse.ui.workbench,3.6.2.M20110210-1200,"",1465744228743
activated,perspective,org.eclipse.debug.ui,3.6.3.v20101201_r362,"org.eclipse.debug.ui.DebugPerspective",1465744228774
deactivated,workbench,org.eclipse.ui.workbench,3.6.2.M20110210-1200,"",1465744228790
activated,workbench,org.eclipse.ui.workbench,3.6.2.M20110210-1200,"",1465744230727
activated,view,org.eclipse.debug.ui,3.6.3.v20101201_r362,"org.eclipse.debug.ui.DebugView",1465744240564
executed,command,org.eclipse.debug.ui,3.6.3.v20101201_r362,"org.eclipse.debug.ui.commands.StepInto",1465744240680
executed,command,org.eclipse.debug.ui,3.6.3.v20101201_r362,"org.eclipse.debug.ui.commands.StepInto",1465744261467
executed,command,org.eclipse.debug.ui,3.6.3.v20101201_r362,"org.eclipse.debug.ui.commands.StepInto",1465744290483
executed,command,org.eclipse.debug.ui,3.6.3.v20101201_r362,"org.eclipse.debug.ui.commands.StepInto",1465744293548
executed,command,org.eclipse.debug.ui,3.6.3.v20101201_r362,"org.eclipse.debug.ui.commands.StepInto",1465744295083
executed,command,org.eclipse.debug.ui,3.6.3.v20101201_r362,"org.eclipse.debug.ui.commands.StepInto",1465744295910
executed,command,org.eclipse.debug.ui,3.6.3.v20101201_r362,"org.eclipse.debug.ui.commands.StepInto",1465744296527
executed,command,org.eclipse.debug.ui,3.6.3.v20101201_r362,"org.eclipse.debug.ui.commands.StepInto",1465744296658
executed,command,org.eclipse.debug.ui,3.6.3.v20101201_r362,"org.eclipse.debug.ui.commands.StepInto",1465744296844
executed,command,org.eclipse.debug.ui,3.6.3.v20101201_r362,"org.eclipse.debug.ui.commands.StepInto",1465744297061
executed,command,org.eclipse.debug.ui,3.6.3.v20101201_r362,"org.eclipse.debug.ui.commands.StepInto",1465744297261
executed,command,org.eclipse.debug.ui,3.6.3.v20101201_r362,"org.eclipse.debug.ui.commands.StepInto",1465744297477
executed,command,org.eclipse.debug.ui,3.6.3.v20101201_r362,"org.eclipse.debug.ui.commands.StepInto",1465744297651
executed,command,org.eclipse.debug.ui,3.6.3.v20101201_r362,"org.eclipse.debug.ui.commands.StepInto",1465744297866
executed,command,org.eclipse.debug.ui,3.6.3.v20101201_r362,"org.eclipse.debug.ui.commands.StepInto",1465744298085
executed,command,org.eclipse.debug.ui,3.6.3.v20101201_r362,"org.eclipse.debug.ui.commands.StepInto",1465744298302
executed,command,org.eclipse.debug.ui,3.6.3.v20101201_r362,"org.eclipse.debug.ui.commands.StepInto",1465744298590
executed,command,org.eclipse.debug.ui,3.6.3.v20101201_r362,"org.eclipse.debug.ui.commands.StepInto",1465744298962
executed,command,org.eclipse.debug.ui,3.6.3.v20101201_r362,"org.eclipse.debug.ui.commands.StepInto",1465744299093
executed,command,org.eclipse.debug.ui,3.6.3.v20101201_r362,"org.eclipse.debug.ui.commands.StepInto",1465744299381
executed,command,org.eclipse.debug.ui,3.6.3.v20101201_r362,"org.eclipse.debug.ui.commands.StepInto",1465744299782
executed,command,org.eclipse.debug.ui,3.6.3.v20101201_r362,"org.eclipse.debug.ui.commands.StepInto",1465744300299
opened,editor,org.eclipse.debug.ui,3.6.3.v20101201_r362,"org.eclipse.debug.ui.sourcelookup.CommonSourceNotFoundEditor",1465744300368
activated,editor,org.eclipse.debug.ui,3.6.3.v20101201_r362,"org.eclipse.debug.ui.sourcelookup.CommonSourceNotFoundEditor",1465744304447
activated,editor,org.eclipse.jdt.ui,3.6.2.r362_v20110203,"org.eclipse.jdt.ui.CompilationUnitEditor",1465744304532
closed,editor,org.eclipse.debug.ui,3.6.3.v20101201_r362,"org.eclipse.debug.ui.sourcelookup.CommonSourceNotFoundEditor",1465744304532
activated,view,org.eclipse.debug.ui,3.6.3.v20101201_r362,"org.eclipse.debug.ui.DebugView",1465744307483
executed,command,org.eclipse.debug.ui,3.6.3.v20101201_r362,"org.eclipse.debug.ui.commands.Terminate",1465744307606
activated,editor,org.eclipse.jdt.ui,3.6.2.r362_v20110203,"org.eclipse.jdt.ui.CompilationUnitEditor",1465744312967
activated,view,org.eclipse.debug.ui,3.6.3.v20101201_r362,"org.eclipse.debug.ui.DebugView",1465744315367
activated,perspective,org.eclipse.jdt.ui,3.6.2.r362_v20110203,"org.eclipse.jdt.ui.JavaPerspective",1465744318383
activated,editor,org.eclipse.jdt.ui,3.6.2.r362_v20110203,"org.eclipse.jdt.ui.CompilationUnitEditor",1465744318398
executed,command,org.eclipse.debug.ui,3.6.3.v20101201_r362,"org.eclipse.debug.ui.commands.RemoveAllBreakpoints",1465744324249
executed,command,org.eclipse.ui,3.6.2.M20110203-1100,"org.eclipse.ui.file.save",1465744344780
deactivated,workbench,org.eclipse.ui.workbench,3.6.2.M20110210-1200,"",1465744344948
activated,workbench,org.eclipse.ui.workbench,3.6.2.M20110210-1200,"",1465744346298
executed,command,,,"AUTOGEN:::org.eclipse.jdt.debug.CompilationUnitEditor.BreakpointRulerActions/org.eclipse.jdt.debug.ui.actions.ManageBreakpointRulerAction",1465744348892
executed,command,org.eclipse.jdt.debug.ui,3.5.2.v20100928a_r362,"org.eclipse.jdt.debug.ui.localJavaShortcut.debug",1465744355298
activated,perspective,org.eclipse.debug.ui,3.6.3.v20101201_r362,"org.eclipse.debug.ui.DebugPerspective",1465744355615
activated,view,org.eclipse.debug.ui,3.6.3.v20101201_r362,"org.eclipse.debug.ui.DebugView",1465744359564
executed,command,org.eclipse.debug.ui,3.6.3.v20101201_r362,"org.eclipse.debug.ui.commands.StepOver",1465744359680
executed,command,org.eclipse.debug.ui,3.6.3.v20101201_r362,"org.eclipse.debug.ui.commands.StepOver",1465744361205
executed,command,org.eclipse.debug.ui,3.6.3.v20101201_r362,"org.eclipse.debug.ui.commands.StepOver",1465744362093
executed,command,org.eclipse.debug.ui,3.6.3.v20101201_r362,"org.eclipse.debug.ui.commands.StepOver",1465744362835
executed,command,org.eclipse.debug.ui,3.6.3.v20101201_r362,"org.eclipse.debug.ui.commands.StepOver",1465744365564
executed,command,org.eclipse.debug.ui,3.6.3.v20101201_r362,"org.eclipse.debug.ui.commands.StepOver",1465744368898
executed,command,org.eclipse.debug.ui,3.6.3.v20101201_r362,"org.eclipse.debug.ui.commands.StepOver",1465744371917
executed,command,org.eclipse.debug.ui,3.6.3.v20101201_r362,"org.eclipse.debug.ui.commands.StepOver",1465744373883
executed,command,org.eclipse.debug.ui,3.6.3.v20101201_r362,"org.eclipse.debug.ui.commands.StepOver",1465744375378
executed,command,org.eclipse.debug.ui,3.6.3.v20101201_r362,"org.eclipse.debug.ui.commands.StepOver",1465744377254
executed,command,org.eclipse.debug.ui,3.6.3.v20101201_r362,"org.eclipse.debug.ui.commands.StepOver",1465744378322
activated,view,org.eclipse.debug.ui,3.6.3.v20101201_r362,"org.eclipse.debug.ui.BreakpointView",1465744394079
deactivated,workbench,org.eclipse.ui.workbench,3.6.2.M20110210-1200,"",1465744400764
activated,workbench,org.eclipse.ui.workbench,3.6.2.M20110210-1200,"",1465744675853
deactivated,workbench,org.eclipse.ui.workbench,3.6.2.M20110210-1200,"",1465744678979
activated,workbench,org.eclipse.ui.workbench,3.6.2.M20110210-1200,"",1465744680944
closed,workbench,org.eclipse.ui.workbench,3.6.2.M20110210-1200,"",1465744681210
stopped,bundle,org.eclipse.jst.j2ee.xdoclet.runtime,1.1.300.v201004280700,"org.eclipse.jst.j2ee.xdoclet.runtime",1465744681780
stopped,bundle,org.eclipse.jst.j2ee.ejb.annotations.xdoclet,1.2.100.v201003112036,"org.eclipse.jst.j2ee.ejb.annotations.xdoclet",1465744681780
stopped,bundle,org.eclipse.jst.server.generic.jboss,1.6.1.v200904151730,"org.eclipse.jst.server.generic.jboss",1465744681965
stopped,bundle,org.eclipse.jst.server.generic.jonas,1.5.205.v200805140145,"org.eclipse.jst.server.generic.jonas",1465744682083
stopped,bundle,org.eclipse.jst.server.generic.oc4j,1.5.206.v20090812,"org.eclipse.jst.server.generic.oc4j",1465744682151
stopped,bundle,org.eclipse.jst.server.websphere.core,1.0.302.v20080620,"org.eclipse.jst.server.websphere.core",1465744682268
stopped,bundle,org.eclipse.jst.server.generic.ui,1.0.505.v20100428,"org.eclipse.jst.server.generic.ui",1465744682318
